TIME,BUY,BUY,,BUY,BUY,SELL,SELL,BUY,116.97
2017-02-10T14:30:01.639,132.46,116.97,,37.41,132.46,132.46,37.41,115.745,116.97
2017-02-10T14:30:06.674,132.47,116.97,,37.41,132.47,132.5,37.41,115.745,116.2
2017-02-10T14:30:11.705,132.32,116.2,,37.68,132.32,132.4,38,115.82,116.2
2017-02-10T14:30:16.732,132.3,116.2,,37.68,132.3,132.42,38,115.82,116.49
2017-02-10T14:30:21.755,132.31,116.49,,37.68,132.31,132.47,38,115.82,116.5
2017-02-10T14:30:26.777,132.43,116.5,,37.68,132.43,132.5,38.12,115.82,116.5
2017-02-10T14:30:31.799,132.42,116.5,,37.68,132.42,132.47,38.12,115.82,116.51
2017-02-10T14:30:36.821,132.44,116.51,,37.68,132.44,132.5,38.12,115.82,116.54
2017-02-10T14:30:41.844,132.45,116.54,,37.68,132.45,132.5,38.12,115.86,116.54
2017-02-10T14:30:46.873,132.47,116.54,,37.71,132.47,132.5,37.96,115.86,116.54
2017-02-10T14:30:51.900,132.37,116.54,,37.87,132.37,132.39,37.96,115.86,116.59
2017-02-10T14:30:56.930,132.37,116.59,,37.87,132.37,132.39,37.96,115.86,116.72
2017-02-10T14:31:01.950,132.42,116.72,,37.87,132.42,132.46,37.96,115.86,116.72
2017-02-10T14:31:06.979,132.44,116.72,,37.8,132.44,132.49,38.12,115.86,116.72
2017-02-10T14:31:12.009,132.47,116.72,,37.8,132.47,132.49,38.12,115.86,116.72
2017-02-10T14:31:17.042,132.63,116.72,,37.8,132.63,132.68,37.95,115.86,116.72
2017-02-10T14:31:22.109,132.63,116.72,,37.74,132.63,132.68,37.95,115.86,116.72
2017-02-10T14:31:26.148,132.69,116.72,,37.68,132.69,132.74,37.92,115.86,116.72
2017-02-10T14:31:31.168,132.72,116.72,,37.68,132.72,132.76,37.92,115.86,116.72
2017-02-10T14:31:36.196,132.73,116.72,,37.68,132.73,132.75,37.92,115.86,116.72
2017-02-10T14:31:41.219,132.75,116.72,,37.8,132.75,132.79,37.92,115.86,116.72
2017-02-10T14:31:46.242,132.68,116.72,,37.68,132.68,132.71,37.92,115.86,116.72
2017-02-10T14:31:51.265,132.71,116.72,,37.68,132.71,132.75,37.92,115.86,116.72
2017-02-10T14:31:56.291,132.64,116.72,,37.76,132.64,132.67,38.1,115.86,116.74
2017-02-10T14:32:01.342,132.68,116.74,,37.83,132.68,132.72,38.1,115.85,116.74
2017-02-10T14:32:06.401,132.71,116.74,,37.83,132.71,132.74,38.1,115.85,116.74
2017-02-10T14:32:11.424,132.76,116.74,,37.83,132.76,132.8,38.1,115.85,116.76
2017-02-10T14:32:16.448,132.77,116.76,,37.83,132.77,132.78,38.1,115.76,116.78
2017-02-10T14:32:21.476,132.72,116.78,,37.83,132.72,132.76,38.03,115.76,116.79
2017-02-10T14:32:26.501,132.72,116.79,,37.83,132.72,132.76,38.03,115.76,116.79
2017-02-10T14:32:31.525,132.67,116.79,,37.68,132.67,132.7,37.95,115.84,116.79
2017-02-10T14:32:36.542,132.67,116.79,,37.68,132.67,132.71,37.95,115.84,116.81
2017-02-10T14:32:41.565,132.7,116.81,,37.66,132.7,132.76,37.86,115.84,116.83
2017-02-10T14:32:46.586,132.74,116.83,,37.76,132.74,132.76,37.86,115.76,116.83
2017-02-10T14:32:51.607,132.74,116.83,,37.72,132.74,132.76,37.86,115.76,116.93
2017-02-10T14:32:56.628,132.67,116.93,,37.57,132.67,132.72,37.84,115.96,116.93
2017-02-10T14:33:01.652,132.67,116.93,,37.57,132.67,132.69,37.84,115.96,116.94
2017-02-10T14:33:06.686,132.66,116.94,,37.57,132.66,132.69,37.84,115.96,116.98
2017-02-10T14:33:11.709,132.74,116.98,,37.57,132.74,132.8,37.84,115.97,116.98
2017-02-10T14:33:16.732,132.79,116.98,,37.57,132.79,132.81,37.84,115.97,116.94
2017-02-10T14:33:21.754,132.81,116.94,,37.57,132.81,132.85,37.84,115.76,116.94
2017-02-10T14:33:26.776,132.8,116.94,,37.57,132.8,132.81,37.75,115.76,116.94
2017-02-10T14:33:31.797,132.82,116.94,,37.57,132.82,132.86,37.75,116,116.94
2017-02-10T14:33:36.817,132.8,116.94,,37.57,132.8,132.83,37.75,116,116.94
2017-02-10T14:33:41.840,132.72,116.94,,37.57,132.72,132.75,37.75,116,116.94
2017-02-10T14:33:46.862,132.62,116.94,,37.57,132.62,132.68,37.84,116,116.94
2017-02-10T14:33:51.896,132.66,116.94,,37.57,132.66,132.7,37.84,116,116.94
2017-02-10T14:33:56.930,132.69,116.94,,37.56,132.69,132.73,37.84,116,116.94
2017-02-10T14:34:01.956,132.69,116.94,,37.56,132.69,132.73,37.84,115.76,116.94
2017-02-10T14:34:06.992,132.68,116.94,,37.56,132.68,132.73,37.84,115.76,117.14
2017-02-10T14:34:12.023,132.73,117.14,,37.56,132.73,132.76,37.84,115.63,117.16
2017-02-10T14:34:17.058,132.77,117.16,,37.56,132.77,132.78,37.84,115.75,116.94
2017-02-10T14:34:22.079,132.76,116.94,,37.56,132.76,132.81,37.84,115.95,116.94
2017-02-10T14:34:27.101,132.74,116.94,,37.56,132.74,132.78,37.84,115.96,117.05
2017-02-10T14:34:31.121,132.74,117.05,,37.56,132.74,132.78,37.84,115.96,117.11
2017-02-10T14:34:36.159,132.75,117.11,,37.68,132.75,132.77,37.83,115.96,117.11
2017-02-10T14:34:41.183,132.7,117.11,,37.68,132.7,132.73,37.83,115.69,117.11
2017-02-10T14:34:46.205,132.7,117.11,,37.68,132.7,132.72,37.83,115.69,117.06
2017-02-10T14:34:51.226,132.68,117.06,,37.81,132.68,132.69,37.9,116.02,117.06
2017-02-10T14:34:56.246,132.67,117.06,,37.72,132.67,132.7,37.9,116.01,117.06
2017-02-10T14:35:01.265,132.67,117.06,,37.72,132.67,132.7,37.9,116.01,117.06
2017-02-10T14:35:06.323,132.67,117.06,,37.68,132.67,132.7,37.9,115.78,117.12
2017-02-10T14:35:11.354,132.74,117.12,,37.68,132.74,132.76,37.9,115.78,117.05
2017-02-10T14:35:16.379,132.7,117.05,,37.68,132.7,132.74,37.9,116.04,116.82
2017-02-10T14:35:21.409,132.71,116.82,,37.8,132.71,132.75,37.98,116.05,116.82
2017-02-10T14:35:26.445,132.73,116.82,,37.88,132.73,132.76,37.94,116.05,116.82
2017-02-10T14:35:31.483,132.72,116.82,,37.88,132.72,132.76,37.94,116.05,116.82
2017-02-10T14:35:36.506,132.73,116.82,,37.88,132.73,132.75,37.98,116.06,116.83
2017-02-10T14:35:41.535,132.67,116.83,,37.88,132.67,132.7,37.92,116.07,116.83
2017-02-10T14:35:46.563,132.6,116.83,,37.69,132.6,132.66,37.92,116.05,116.74
2017-02-10T14:35:51.589,132.64,116.74,,37.74,132.64,132.68,37.98,116.06,116.77
2017-02-10T14:35:56.614,132.63,116.77,,37.82,132.63,132.66,37.98,116.07,116.78
2017-02-10T14:36:01.651,132.63,116.78,,37.82,132.63,132.66,37.98,116.07,116.76
2017-02-10T14:36:06.686,132.62,116.76,,37.82,132.62,132.64,37.98,115.65,116.62
2017-02-10T14:36:11.715,132.67,116.62,,37.82,132.67,132.7,37.98,115.98,116.62
2017-02-10T14:36:16.745,132.7,116.62,,37.82,132.7,132.72,37.98,115.98,116.7
2017-02-10T14:36:21.774,132.72,116.7,,37.82,132.72,132.75,37.98,115.67,116.7
2017-02-10T14:36:26.801,132.72,116.7,,37.82,132.72,132.75,37.97,115.67,116.7
2017-02-10T14:36:31.829,132.76,116.7,,37.82,132.76,132.8,37.98,115.67,116.74
2017-02-10T14:36:36.855,132.77,116.74,,37.82,132.77,132.79,37.98,115.67,116.74
2017-02-10T14:36:41.886,132.78,116.74,,37.82,132.78,132.79,38.09,115.67,116.92
2017-02-10T14:36:46.920,132.76,116.92,,37.82,132.76,132.78,38.09,115.68,116.97
2017-02-10T14:36:51.953,132.77,116.97,,37.74,132.77,132.78,38.07,115.68,117.07
2017-02-10T14:36:56.999,132.76,117.07,,37.89,132.76,132.8,37.94,115.68,117.07
2017-02-10T14:37:02.022,132.77,117.07,,37.74,132.77,132.8,37.94,115.68,117.07
2017-02-10T14:37:07.045,132.77,117.07,,37.71,132.77,132.8,37.86,115.74,116.66
2017-02-10T14:37:12.080,132.72,116.66,,37.79,132.72,132.75,37.86,115.74,116.66
2017-02-10T14:37:16.106,132.68,116.66,,37.75,132.68,132.71,37.86,115.74,116.76
2017-02-10T14:37:22.158,132.66,116.76,,37.75,132.66,132.69,37.86,116,116.76
2017-02-10T14:37:26.182,132.68,116.76,,37.75,132.68,132.71,37.86,115.62,116.76
2017-02-10T14:37:31.210,132.69,116.76,,37.75,132.69,132.72,37.85,115.92,116.79
2017-02-10T14:37:36.234,132.71,116.79,,37.74,132.71,132.74,37.82,115.94,116.79
2017-02-10T14:37:41.267,132.68,116.79,,37.74,132.68,132.71,37.82,115.94,116.79
2017-02-10T14:37:46.293,132.73,116.79,,37.74,132.73,132.76,37.82,115.94,116.82
2017-02-10T14:37:51.317,132.72,116.82,,37.74,132.72,132.74,37.9,115.94,116.82
2017-02-10T14:37:56.337,132.73,116.82,,37.74,132.73,132.75,37.9,115.94,116.82
2017-02-10T14:38:02.363,132.72,116.82,,37.8,132.72,132.74,37.9,115.96,116.81
2017-02-10T14:38:06.384,132.7,116.81,,37.8,132.7,132.73,37.89,115.96,116.93
2017-02-10T14:38:11.408,132.68,116.93,,37.74,132.68,132.72,37.9,115.87,116.96
2017-02-10T14:38:16.435,132.7,116.96,,37.8,132.7,132.72,37.87,115.98,116.99
2017-02-10T14:38:21.467,132.69,116.99,,37.8,132.69,132.71,37.87,115.98,116.99
2017-02-10T14:38:26.504,132.69,116.99,,37.8,132.69,132.71,37.87,115.97,116.81
2017-02-10T14:38:31.526,132.68,116.81,,37.8,132.68,132.7,37.87,115.97,116.8
2017-02-10T14:38:36.550,132.67,116.8,,37.68,132.67,132.68,37.87,115.67,116.8
2017-02-10T14:38:41.572,132.67,116.8,,37.68,132.67,132.68,37.87,115.67,116.92
2017-02-10T14:38:46.598,132.67,116.92,,37.68,132.67,132.69,37.87,115.67,116.93
2017-02-10T14:38:51.619,132.66,116.93,,37.68,132.66,132.68,37.85,115.67,116.93
2017-02-10T14:38:56.639,132.66,116.93,,37.68,132.66,132.69,37.85,115.67,116.94
2017-02-10T14:39:01.662,132.67,116.94,,37.68,132.67,132.69,37.85,115.67,116.95
2017-02-10T14:39:06.696,132.66,116.95,,37.68,132.66,132.68,37.85,115.7,117.02
2017-02-10T14:39:11.720,132.67,117.02,,37.68,132.67,132.69,37.85,116.03,116.96
2017-02-10T14:39:16.769,132.66,116.96,,37.68,132.66,132.68,37.85,116.03,116.95
2017-02-10T14:39:21.820,132.66,116.95,,37.75,132.66,132.68,37.85,116.03,116.95
2017-02-10T14:39:26.857,132.63,116.95,,37.75,132.63,132.66,37.85,116.03,116.98
2017-02-10T14:39:31.888,132.63,116.98,,37.75,132.63,132.65,37.84,116.03,116.95
2017-02-10T14:39:36.919,132.63,116.95,,37.88,132.63,132.65,37.95,116.03,116.95
2017-02-10T14:39:41.949,132.62,116.95,,37.89,132.62,132.63,37.94,116.03,116.95
2017-02-10T14:39:46.989,132.57,116.95,,37.89,132.57,132.58,37.94,116.03,116.95
2017-02-10T14:39:52.008,132.56,116.95,,37.89,132.56,132.57,37.94,116.03,117
2017-02-10T14:39:57.042,132.59,117,,37.89,132.59,132.6,37.94,116.03,117.02
2017-02-10T14:40:02.071,132.58,117.02,,37.89,132.58,132.59,37.94,116.03,116.99
2017-02-10T14:40:07.098,132.57,116.99,,37.75,132.57,132.58,37.94,115.74,116.99
2017-02-10T14:40:11.115,132.56,116.99,,37.82,132.56,132.57,37.94,116,117.05
2017-02-10T14:40:16.166,132.44,117.05,,37.82,132.44,132.45,37.94,116.03,117.05
2017-02-10T14:40:21.197,132.45,117.05,,37.82,132.45,132.47,37.94,116.03,117.07
2017-02-10T14:40:26.220,132.45,117.07,,37.82,132.45,132.47,37.94,116.03,117.07
2017-02-10T14:40:31.254,132.44,117.07,,37.84,132.44,132.45,37.94,116.03,117.07
2017-02-10T14:40:36.291,132.43,117.07,,37.84,132.43,132.45,37.94,116.03,117.13
2017-02-10T14:40:41.333,132.44,117.13,,37.84,132.44,132.46,37.94,116.03,117.13
2017-02-10T14:40:46.355,132.44,117.13,,37.84,132.44,132.45,37.94,116.03,117.13
2017-02-10T14:40:51.392,132.44,117.13,,37.84,132.44,132.45,37.94,116.03,117.13
2017-02-10T14:40:56.420,132.46,117.13,,37.82,132.46,132.47,37.85,116.03,117.13
2017-02-10T14:41:01.442,132.47,117.13,,37.76,132.47,132.48,37.94,116.03,117.13
2017-02-10T14:41:06.472,132.46,117.13,,37.83,132.46,132.48,37.89,116.03,117.13
2017-02-10T14:41:11.500,132.46,117.13,,37.83,132.46,132.48,37.89,116.03,117.13
2017-02-10T14:41:16.526,132.46,117.13,,37.83,132.46,132.48,37.89,116.03,117.13
2017-02-10T14:41:21.544,132.46,117.13,,37.83,132.46,132.47,37.89,116.03,117.13
2017-02-10T14:41:26.565,132.44,117.13,,37.83,132.44,132.46,37.89,115.74,117.13
2017-02-10T14:41:31.586,132.47,117.13,,37.84,132.47,132.48,37.89,115.74,117.13
2017-02-10T14:41:36.618,132.51,117.13,,37.83,132.51,132.52,37.89,115.74,117.29
2017-02-10T14:41:41.712,132.55,117.29,,37.75,132.55,132.58,37.89,116.04,117.29
2017-02-10T14:41:46.735,132.56,117.29,,37.81,132.56,132.59,37.89,116.04,117.32
2017-02-10T14:41:51.759,132.56,117.32,,37.81,132.56,132.57,37.89,116.04,117.32
2017-02-10T14:41:56.781,132.58,117.32,,37.8,132.58,132.6,37.89,116.04,117.36
2017-02-10T14:42:01.825,132.58,117.36,,37.79,132.58,132.61,37.89,116.04,117.37
2017-02-10T14:42:06.853,132.62,117.37,,37.81,132.62,132.63,37.89,116.07,117.38
2017-02-10T14:42:11.874,132.62,117.38,,37.84,132.62,132.64,37.89,116.11,117.23
2017-02-10T14:42:16.903,132.61,117.23,,37.84,132.61,132.63,37.89,116.08,117.24
2017-02-10T14:42:21.938,132.58,117.24,,37.84,132.58,132.61,37.89,116.09,117.23
2017-02-10T14:42:26.964,132.6,117.23,,37.84,132.6,132.61,37.89,115.8,117.23
2017-02-10T14:42:31.995,132.6,117.23,,37.82,132.6,132.62,37.89,115.8,117.23
2017-02-10T14:42:37.036,132.58,117.23,,37.81,132.58,132.6,37.89,115.8,117.23
2017-02-10T14:42:42.056,132.61,117.23,,37.81,132.61,132.63,37.89,116.07,117.23
2017-02-10T14:42:47.078,132.62,117.23,,37.81,132.62,132.64,37.89,116.07,117.23
2017-02-10T14:42:51.352,132.63,117.23,,37.8,132.63,132.65,37.89,116.08,117.23
2017-02-10T14:42:56.373,132.64,117.23,,37.8,132.64,132.65,37.89,116.08,117.23
2017-02-10T14:43:01.405,132.65,117.23,,37.8,132.65,132.68,37.89,116.08,117.23
2017-02-10T14:43:06.435,132.65,117.23,,37.8,132.65,132.67,37.89,116.08,117.23
2017-02-10T14:43:11.457,132.67,117.23,,37.81,132.67,132.69,37.89,116.08,117.23
2017-02-10T14:43:16.480,132.67,117.23,,37.82,132.67,132.69,37.89,116.1,117.23
2017-02-10T14:43:21.503,132.67,117.23,,37.84,132.67,132.69,37.89,116.1,117.23
2017-02-10T14:43:26.525,132.67,117.23,,37.86,132.67,132.69,37.89,116.1,117.23
2017-02-10T14:43:31.547,132.67,117.23,,37.85,132.67,132.69,37.89,116.12,117.23
2017-02-10T14:43:36.573,132.67,117.23,,37.85,132.67,132.69,37.89,115.83,117.23
2017-02-10T14:43:41.604,132.68,117.23,,37.85,132.68,132.7,37.89,115.83,117.39
2017-02-10T14:43:46.635,132.69,117.39,,37.85,132.69,132.71,37.87,116.1,117.4
2017-02-10T14:43:51.667,132.69,117.4,,37.85,132.69,132.72,37.87,116.1,117.33
2017-02-10T14:43:56.687,132.7,117.33,,37.85,132.7,132.72,37.87,116.09,117.33
2017-02-10T14:44:02.714,132.75,117.33,,37.85,132.75,132.78,37.87,116.09,117.45
2017-02-10T14:44:06.732,132.75,117.45,,37.85,132.75,132.77,37.87,116.09,117.48
2017-02-10T14:44:11.752,132.74,117.48,,37.85,132.74,132.75,37.87,116.09,117.5
2017-02-10T14:44:16.774,132.74,117.5,,37.85,132.74,132.75,37.87,115.79,117.5
2017-02-10T14:44:21.792,132.73,117.5,,37.85,132.73,132.75,37.89,116.1,117.5
2017-02-10T14:44:26.814,132.77,117.5,,37.83,132.77,132.78,37.89,116.11,117.5
2017-02-10T14:44:31.834,132.75,117.5,,37.79,132.75,132.77,37.89,116.14,117.5
2017-02-10T14:44:36.857,132.76,117.5,,37.75,132.76,132.78,37.81,116.14,117.5
2017-02-10T14:44:41.876,132.75,117.5,,37.75,132.75,132.77,37.81,116.14,117.5
2017-02-10T14:44:46.922,132.76,117.5,,37.71,132.76,132.78,37.81,116.14,117.48
2017-02-10T14:44:51.948,132.77,117.48,,37.71,132.77,132.79,37.81,116.14,117.47
2017-02-10T14:44:56.978,132.79,117.47,,37.76,132.79,132.8,37.81,116.14,117.49
2017-02-10T14:45:02.015,132.74,117.49,,37.69,132.74,132.75,37.81,116.14,117.49
2017-02-10T14:45:07.049,132.73,117.49,,37.68,132.73,132.75,37.81,116.14,117.53
2017-02-10T14:45:12.075,132.73,117.53,,37.72,132.73,132.74,37.81,116.14,117.53
2017-02-10T14:45:17.100,132.71,117.53,,37.72,132.71,132.73,37.81,116.14,117.53
2017-02-10T14:45:22.142,132.73,117.53,,37.72,132.73,132.75,37.81,116.14,117.53
2017-02-10T14:45:26.159,132.7,117.53,,37.72,132.7,132.72,37.87,116.14,117.54
2017-02-10T14:45:31.183,132.72,117.54,,37.72,132.72,132.74,37.78,116.11,117.54
2017-02-10T14:45:36.205,132.73,117.54,,37.72,132.73,132.75,37.78,116.14,117.49
2017-02-10T14:45:41.228,132.73,117.49,,37.78,132.73,132.75,37.83,116.14,117.49
2017-02-10T14:45:46.248,132.73,117.49,,37.78,132.73,132.75,37.83,116.15,117.55
2017-02-10T14:45:51.275,132.73,117.55,,37.78,132.73,132.75,37.83,116.15,117.55
2017-02-10T14:45:56.293,132.71,117.55,,37.78,132.71,132.73,37.83,116.11,117.55
2017-02-10T14:46:01.314,132.71,117.55,,37.79,132.71,132.73,37.86,116.17,117.55
2017-02-10T14:46:06.333,132.71,117.55,,37.79,132.71,132.73,37.85,115.82,117.55
2017-02-10T14:46:11.361,132.71,117.55,,37.79,132.71,132.73,37.87,115.84,117.55
2017-02-10T14:46:16.391,132.7,117.55,,37.8,132.7,132.72,37.85,115.84,117.53
2017-02-10T14:46:21.417,132.7,117.53,,37.8,132.7,132.72,37.85,115.84,117.53
2017-02-10T14:46:26.440,132.7,117.53,,37.8,132.7,132.72,37.85,116.13,117.53
2017-02-10T14:46:31.461,132.68,117.53,,37.8,132.68,132.7,37.85,116.13,117.53
2017-02-10T14:46:36.524,132.69,117.53,,37.8,132.69,132.71,37.84,116.13,117.53
2017-02-10T14:46:41.548,132.67,117.53,,37.8,132.67,132.7,37.84,116.13,117.53
2017-02-10T14:46:46.579,132.65,117.53,,37.81,132.65,132.66,37.84,115.84,117.54
2017-02-10T14:46:51.605,132.63,117.54,,37.81,132.63,132.65,37.85,116.09,117.54
2017-02-10T14:46:56.640,132.65,117.54,,37.81,132.65,132.67,37.85,116.14,117.53
2017-02-10T14:47:01.686,132.66,117.53,,37.82,132.66,132.68,37.85,116.14,117.53
2017-02-10T14:47:06.706,132.67,117.53,,37.82,132.67,132.69,37.84,116.14,117.53
2017-02-10T14:47:11.733,132.65,117.53,,37.82,132.65,132.67,37.84,116.14,117.53
2017-02-10T14:47:16.755,132.63,117.53,,37.82,132.63,132.65,37.84,116.14,117.53
2017-02-10T14:47:21.778,132.67,117.53,,37.81,132.67,132.69,37.85,116.14,117.54
2017-02-10T14:47:26.800,132.67,117.54,,37.81,132.67,132.69,37.85,116.14,117.54
2017-02-10T14:47:31.833,132.68,117.54,,37.81,132.68,132.7,37.85,116.14,117.54
2017-02-10T14:47:36.857,132.68,117.54,,37.81,132.68,132.7,37.85,116.14,117.53
2017-02-10T14:47:41.884,132.68,117.53,,37.81,132.68,132.7,37.85,116.14,117.53
2017-02-10T14:47:46.914,132.68,117.53,,37.81,132.68,132.7,37.82,116.14,117.53
2017-02-10T14:47:51.940,132.68,117.53,,37.81,132.68,132.7,37.82,116.15,117.53
2017-02-10T14:47:56.965,132.69,117.53,,37.81,132.69,132.71,37.85,116.15,117.53
2017-02-10T14:48:01.992,132.69,117.53,,37.78,132.69,132.71,37.85,116.15,117.53
2017-02-10T14:48:07.025,132.7,117.53,,37.78,132.7,132.71,37.85,116.15,117.53
2017-02-10T14:48:12.047,132.72,117.53,,37.78,132.72,132.73,37.85,116.15,117.53
2017-02-10T14:48:17.068,132.73,117.53,,37.78,132.73,132.74,37.85,116.15,117.53
2017-02-10T14:48:22.090,132.73,117.53,,37.78,132.73,132.75,37.85,116.11,117.55
2017-02-10T14:48:27.112,132.73,117.55,,37.78,132.73,132.75,37.82,116.11,117.55
2017-02-10T14:48:31.130,132.73,117.55,,37.78,132.73,132.75,37.82,116.11,117.55
2017-02-10T14:48:36.157,132.71,117.55,,37.78,132.71,132.73,37.82,116.11,117.55
2017-02-10T14:48:42.183,132.72,117.55,,37.69,132.72,132.74,37.82,115.87,117.55
2017-02-10T14:48:46.202,132.73,117.55,,37.69,132.73,132.75,37.77,115.87,117.55
2017-02-10T14:48:51.226,132.73,117.55,,37.71,132.73,132.75,37.77,115.87,117.56
2017-02-10T14:48:56.265,132.72,117.56,,37.64,132.72,132.74,37.77,116.18,117.56
2017-02-10T14:49:02.291,132.72,117.56,,37.64,132.72,132.74,37.77,116.18,117.56
2017-02-10T14:49:06.316,132.72,117.56,,37.64,132.72,132.74,37.77,116.18,117.56
2017-02-10T14:49:11.333,132.72,117.56,,37.73,132.72,132.75,37.77,116.18,117.52
2017-02-10T14:49:16.364,132.71,117.52,,37.62,132.71,132.73,37.77,116.18,117.51
2017-02-10T14:49:21.385,132.72,117.51,,37.62,132.72,132.73,37.77,116.19,117.52
2017-02-10T14:49:26.405,132.71,117.52,,37.62,132.71,132.73,37.77,116.19,117.52
2017-02-10T14:49:31.424,132.71,117.52,,37.68,132.71,132.74,37.77,116.19,117.53
2017-02-10T14:49:36.445,132.73,117.53,,37.68,132.73,132.75,37.77,116.19,117.54
2017-02-10T14:49:41.475,132.76,117.54,,37.65,132.76,132.77,37.7,116.2,117.54
2017-02-10T14:49:46.497,132.76,117.54,,37.65,132.76,132.77,37.7,116.21,117.54
2017-02-10T14:49:51.518,132.75,117.54,,37.62,132.75,132.77,37.68,116.17,117.56
2017-02-10T14:49:56.542,132.75,117.56,,37.71,132.75,132.77,37.75,116.22,117.56
2017-02-10T14:50:01.571,132.74,117.56,,37.71,132.74,132.76,37.75,116.22,117.56
2017-02-10T14:50:06.595,132.74,117.56,,37.71,132.74,132.75,37.73,116.22,117.56
2017-02-10T14:50:11.618,132.75,117.56,,37.71,132.75,132.76,37.73,116.23,117.57
2017-02-10T14:50:16.648,132.74,117.57,,37.68,132.74,132.75,37.76,116.23,117.57
2017-02-10T14:50:21.670,132.74,117.57,,37.77,132.74,132.75,37.81,116.23,117.57
2017-02-10T14:50:26.693,132.72,117.57,,37.77,132.72,132.74,37.81,116.23,117.57
2017-02-10T14:50:31.716,132.73,117.57,,37.77,132.73,132.75,37.83,116.17,117.57
2017-02-10T14:50:36.739,132.73,117.57,,37.77,132.73,132.74,37.83,116.17,117.57
2017-02-10T14:50:41.765,132.73,117.57,,37.77,132.73,132.75,37.83,116.25,117.59
2017-02-10T14:50:46.798,132.73,117.59,,37.77,132.73,132.75,37.83,116.25,117.6
2017-02-10T14:50:51.833,132.71,117.6,,37.77,132.71,132.73,37.85,116.25,117.6
2017-02-10T14:50:56.860,132.68,117.6,,37.77,132.68,132.7,37.83,116.25,117.6
2017-02-10T14:51:01.881,132.7,117.6,,37.77,132.7,132.71,37.83,116.25,117.6
2017-02-10T14:51:06.902,132.71,117.6,,37.77,132.71,132.72,37.83,116.25,117.6
2017-02-10T14:51:11.939,132.74,117.6,,37.77,132.74,132.75,37.85,116.26,117.6
2017-02-10T14:51:16.960,132.75,117.6,,37.77,132.75,132.76,37.85,116.21,117.61
2017-02-10T14:51:21.982,132.75,117.61,,37.79,132.75,132.76,37.85,116.22,117.61
2017-02-10T14:51:27.004,132.73,117.61,,37.79,132.73,132.74,37.85,116.28,117.61
2017-02-10T14:51:32.025,132.73,117.61,,37.81,132.73,132.75,37.83,116.28,117.61
2017-02-10T14:51:37.047,132.73,117.61,,37.79,132.73,132.74,37.83,116.28,117.61
2017-02-10T14:51:42.071,132.72,117.61,,37.79,132.72,132.73,37.83,116.28,117.61
2017-02-10T14:51:47.107,132.75,117.61,,37.79,132.75,132.77,37.85,116.29,117.61
2017-02-10T14:51:52.137,132.74,117.61,,37.79,132.74,132.76,37.85,116.29,117.62
2017-02-10T14:51:56.156,132.74,117.62,,37.79,132.74,132.75,37.85,116.29,117.63
2017-02-10T14:52:02.195,132.75,117.63,,37.79,132.75,132.77,37.84,116.29,117.64
2017-02-10T14:52:06.226,132.75,117.64,,37.79,132.75,132.77,37.84,115.99,117.63
2017-02-10T14:52:11.253,132.75,117.63,,37.83,132.75,132.76,37.87,115.99,117.63
2017-02-10T14:52:16.277,132.75,117.63,,37.83,132.75,132.76,37.86,115.99,117.64
2017-02-10T14:52:21.303,132.76,117.64,,37.85,132.76,132.77,37.86,116.21,117.64
2017-02-10T14:52:26.329,132.76,117.64,,37.85,132.76,132.78,37.86,115.97,117.64
2017-02-10T14:52:31.357,132.8,117.64,,37.85,132.8,132.81,37.86,115.97,117.64
2017-02-10T14:52:36.382,132.8,117.64,,37.85,132.8,132.82,37.86,116.3,117.68
2017-02-10T14:52:41.403,132.83,117.68,,37.85,132.83,132.85,37.86,116.3,117.67
2017-02-10T14:52:46.426,132.85,117.67,,37.85,132.85,132.87,37.86,116,117.67
2017-02-10T14:52:51.447,132.86,117.67,,37.74,132.86,132.87,37.85,116,117.67
2017-02-10T14:52:56.485,132.87,117.67,,37.74,132.87,132.89,37.85,116,117.67
2017-02-10T14:53:01.510,132.89,117.67,,37.74,132.89,132.9,37.85,116,117.68
2017-02-10T14:53:06.554,132.9,117.68,,37.84,132.9,132.91,37.85,116,117.69
2017-02-10T14:53:11.589,132.89,117.69,,37.84,132.89,132.9,37.85,116.08,117.66
2017-02-10T14:53:16.624,132.84,117.66,,37.84,132.84,132.85,37.85,116.21,117.68
2017-02-10T14:53:21.659,132.84,117.68,,37.84,132.84,132.86,37.85,116.32,117.68
2017-02-10T14:53:26.681,132.84,117.68,,37.84,132.84,132.85,37.85,116.32,117.66
2017-02-10T14:53:31.703,132.86,117.66,,37.76,132.86,132.87,37.89,116.32,117.66
2017-02-10T14:53:36.737,132.85,117.66,,37.76,132.85,132.87,37.89,116.32,117.64
2017-02-10T14:53:41.760,132.85,117.64,,37.72,132.85,132.87,37.89,116.08,117.64
2017-02-10T14:53:46.802,132.86,117.64,,37.72,132.86,132.88,37.83,116.08,117.64
2017-02-10T14:53:51.832,132.87,117.64,,37.68,132.87,132.88,37.83,116.08,117.64
2017-02-10T14:53:56.852,132.87,117.64,,37.68,132.87,132.89,37.78,116.08,117.64
2017-02-10T14:54:01.870,132.87,117.64,,37.68,132.87,132.89,37.78,116.26,117.62
2017-02-10T14:54:06.893,132.9,117.62,,37.66,132.9,132.92,37.78,116.08,117.62
2017-02-10T14:54:11.912,132.9,117.62,,37.66,132.9,132.92,37.78,116.08,117.62
2017-02-10T14:54:16.934,132.91,117.62,,37.66,132.91,132.92,37.78,116.08,117.62
2017-02-10T14:54:21.957,132.92,117.62,,37.62,132.92,132.93,37.78,116.08,117.62
2017-02-10T14:54:26.979,132.91,117.62,,37.62,132.91,132.93,37.74,116.08,117.62
2017-02-10T14:54:32.000,132.92,117.62,,37.62,132.92,132.94,37.74,116.08,117.62
2017-02-10T14:54:37.028,132.92,117.62,,37.62,132.92,132.94,37.74,116.08,117.62
2017-02-10T14:54:42.065,132.92,117.62,,37.59,132.92,132.94,37.74,116.08,117.62
2017-02-10T14:54:47.089,132.93,117.62,,37.59,132.93,132.94,37.74,116.08,117.62
2017-02-10T14:54:52.115,132.92,117.62,,37.59,132.92,132.94,37.74,116.08,117.63
2017-02-10T14:54:57.150,132.89,117.63,,37.59,132.89,132.91,37.74,116.08,117.62
2017-02-10T14:55:02.174,132.85,117.62,,37.56,132.85,132.88,37.74,116.08,117.64
2017-02-10T14:55:07.203,132.89,117.64,,37.58,132.89,132.9,37.82,116.08,117.64
2017-02-10T14:55:11.222,132.88,117.64,,37.7,132.88,132.9,37.73,116.22,117.64
2017-02-10T14:55:16.268,132.86,117.64,,37.7,132.86,132.88,37.73,116.08,117.64
2017-02-10T14:55:21.289,132.87,117.64,,37.7,132.87,132.88,37.73,116.08,117.64
2017-02-10T14:55:26.309,132.87,117.64,,37.7,132.87,132.88,37.73,116.08,117.64
2017-02-10T14:55:31.335,132.87,117.64,,37.7,132.87,132.89,37.73,116.08,117.64
2017-02-10T14:55:36.376,132.86,117.64,,37.7,132.86,132.87,37.75,116.08,117.64
2017-02-10T14:55:41.399,132.85,117.64,,37.7,132.85,132.86,37.75,116.08,117.64
2017-02-10T14:55:46.424,132.85,117.64,,37.7,132.85,132.86,37.75,116.08,117.58
2017-02-10T14:55:51.446,132.81,117.58,,37.7,132.81,132.83,37.75,116.24,117.48
2017-02-10T14:55:56.470,132.81,117.48,,37.7,132.81,132.83,37.75,116.24,117.51
2017-02-10T14:56:01.489,132.81,117.51,,37.7,132.81,132.83,37.75,116.24,117.53
2017-02-10T14:56:06.523,132.82,117.53,,37.7,132.82,132.83,37.75,116.24,117.57
2017-02-10T14:56:11.552,132.82,117.57,,37.66,132.82,132.84,37.7,116.08,117.57
2017-02-10T14:56:16.587,132.81,117.57,,37.62,132.81,132.82,37.68,116.08,117.57
2017-02-10T14:56:21.612,132.73,117.57,,37.62,132.73,132.77,37.68,116.08,117.57
2017-02-10T14:56:26.650,132.76,117.57,,37.62,132.76,132.78,37.68,116.24,117.54
2017-02-10T14:56:31.672,132.76,117.54,,37.62,132.76,132.78,37.68,116.08,117.54
2017-02-10T14:56:36.694,132.76,117.54,,37.65,132.76,132.78,37.68,116.2,117.56
2017-02-10T14:56:41.716,132.77,117.56,,37.62,132.77,132.79,37.68,115.94,117.56
2017-02-10T14:56:46.737,132.8,117.56,,37.62,132.8,132.82,37.68,116.12,117.56
2017-02-10T14:56:51.765,132.82,117.56,,37.64,132.82,132.84,37.66,116.15,117.56
2017-02-10T14:56:56.786,132.83,117.56,,37.65,132.83,132.85,37.76,116.18,117.56
2017-02-10T14:57:01.804,132.83,117.56,,37.65,132.83,132.85,37.68,115.92,117.54
2017-02-10T14:57:06.832,132.83,117.54,,37.65,132.83,132.84,37.68,116.12,117.54
2017-02-10T14:57:11.875,132.85,117.54,,37.66,132.85,132.87,37.7,116.14,117.54
2017-02-10T14:57:16.905,132.85,117.54,,37.66,132.85,132.87,37.7,116.17,117.56
2017-02-10T14:57:21.945,132.83,117.56,,37.66,132.83,132.85,37.7,116.18,117.58
2017-02-10T14:57:26.978,132.83,117.58,,37.66,132.83,132.84,37.7,116.18,117.56
2017-02-10T14:57:32.002,132.82,117.56,,37.66,132.82,132.83,37.7,116.19,117.56
2017-02-10T14:57:37.021,132.78,117.56,,37.66,132.78,132.79,37.7,116.19,117.56
2017-02-10T14:57:42.044,132.79,117.56,,37.66,132.79,132.8,37.7,116.19,117.56
2017-02-10T14:57:47.074,132.73,117.56,,37.66,132.73,132.74,37.7,116.22,117.58
2017-02-10T14:57:52.115,132.73,117.58,,37.66,132.73,132.75,37.7,116.22,117.55
2017-02-10T14:57:57.137,132.75,117.55,,37.66,132.75,132.77,37.7,116.22,117.55
2017-02-10T14:58:02.159,132.75,117.55,,37.66,132.75,132.78,37.7,116.22,117.55
2017-02-10T14:58:06.186,132.78,117.55,,37.68,132.78,132.8,37.7,116.22,117.57
2017-02-10T14:58:11.208,132.71,117.57,,37.68,132.71,132.72,37.7,116.22,117.57
2017-02-10T14:58:16.230,132.73,117.57,,37.68,132.73,132.74,37.75,116.22,117.57
2017-02-10T14:58:21.286,132.73,117.57,,37.68,132.73,132.74,37.7,116.22,117.57
2017-02-10T14:58:26.317,132.73,117.57,,37.67,132.73,132.75,37.69,116.22,117.55
2017-02-10T14:58:31.358,132.73,117.55,,37.66,132.73,132.74,37.68,116.22,117.55
2017-02-10T14:58:36.389,132.73,117.55,,37.64,132.73,132.74,37.65,116.22,117.55
2017-02-10T14:58:41.421,132.74,117.55,,37.64,132.74,132.76,37.66,116.22,117.55
2017-02-10T14:58:46.441,132.75,117.55,,37.64,132.75,132.77,37.66,116.22,117.58
2017-02-10T14:58:51.464,132.76,117.58,,37.64,132.76,132.77,37.66,116.22,117.58
2017-02-10T14:58:56.496,132.72,117.58,,37.64,132.72,132.74,37.66,116.22,117.58
2017-02-10T14:59:01.517,132.72,117.58,,37.64,132.72,132.73,37.66,116.22,117.58
2017-02-10T14:59:06.539,132.73,117.58,,37.64,132.73,132.75,37.66,116.22,117.58
2017-02-10T14:59:11.559,132.73,117.58,,37.62,132.73,132.75,37.65,116.22,117.58
2017-02-10T14:59:16.591,132.74,117.58,,37.59,132.74,132.75,37.6,116.22,117.52
2017-02-10T14:59:21.611,132.73,117.52,,37.55,132.73,132.75,37.59,116.22,117.57
2017-02-10T14:59:26.631,132.75,117.57,,37.39,132.75,132.77,37.55,116.22,117.57
2017-02-10T14:59:31.672,132.76,117.57,,37.39,132.76,132.77,37.55,116.22,117.52
2017-02-10T14:59:36.693,132.76,117.52,,37.39,132.76,132.77,37.55,116.22,117.61
2017-02-10T14:59:41.713,132.74,117.61,,37.45,132.74,132.76,37.67,116.22,117.52
2017-02-10T14:59:46.734,132.74,117.52,,37.57,132.74,132.76,37.62,116.22,117.64
2017-02-10T14:59:51.754,132.75,117.64,,37.5,132.75,132.77,37.75,116.23,117.64
2017-02-10T14:59:56.777,132.75,117.64,,37.63,132.75,132.8,37.65,116.23,117.64
2017-02-10T15:00:01.796,132.74,117.64,,37.63,132.74,132.76,37.65,115.78,117.62
2017-02-10T15:00:06.867,132.76,117.62,,37.63,132.76,132.8,37.75,116.12,117.65
2017-02-10T15:00:11.896,132.76,117.65,,37.5,132.76,132.77,37.7,116.16,117.65
2017-02-10T15:00:16.936,132.76,117.65,,37.5,132.76,132.8,37.7,115.88,117.65
2017-02-10T15:00:21.958,132.76,117.65,,37.51,132.76,132.8,37.7,115.88,117.65
2017-02-10T15:00:26.988,132.76,117.65,,37.51,132.76,132.8,37.7,115.88,117.65
2017-02-10T15:00:32.014,132.74,117.65,,37.51,132.74,132.8,37.7,115.88,117.65
2017-02-10T15:00:37.035,132.75,117.65,,37.5,132.75,132.76,37.7,115.88,117.65
2017-02-10T15:00:42.058,132.75,117.65,,37.5,132.75,132.77,37.7,115.88,117.65
2017-02-10T15:00:47.079,132.73,117.65,,37.5,132.73,132.75,37.7,115.88,117.65
2017-02-10T15:00:52.099,132.74,117.65,,37.63,132.74,132.76,37.69,115.88,117.65
2017-02-10T15:00:57.123,132.74,117.65,,37.63,132.74,132.75,37.68,115.88,117.65
2017-02-10T15:01:02.149,132.72,117.65,,37.63,132.72,132.73,37.7,115.88,117.66
2017-02-10T15:01:07.179,132.73,117.66,,37.63,132.73,132.75,37.7,115.88,117.66
2017-02-10T15:01:12.216,132.75,117.66,,37.63,132.75,132.77,37.68,115.88,117.65
2017-02-10T15:01:16.235,132.75,117.65,,37.63,132.75,132.77,37.69,115.95,117.63
2017-02-10T15:01:21.258,132.74,117.63,,37.63,132.74,132.75,37.69,116.19,117.63
2017-02-10T15:01:26.279,132.74,117.63,,37.63,132.74,132.76,37.69,116.19,117.59
2017-02-10T15:01:31.306,132.72,117.59,,37.63,132.72,132.73,37.69,116.17,117.59
2017-02-10T15:01:36.350,132.73,117.59,,37.63,132.73,132.75,37.69,116.17,117.59
2017-02-10T15:01:41.377,132.74,117.59,,37.63,132.74,132.75,37.69,116.18,117.59
2017-02-10T15:01:46.399,132.72,117.59,,37.65,132.72,132.74,37.69,116.18,117.6
2017-02-10T15:01:51.422,132.74,117.6,,37.65,132.74,132.75,37.69,115.91,117.6
2017-02-10T15:01:56.442,132.74,117.6,,37.65,132.74,132.76,37.69,115.91,117.6
2017-02-10T15:02:01.464,132.72,117.6,,37.65,132.72,132.74,37.69,116.12,117.6
2017-02-10T15:02:06.495,132.73,117.6,,37.65,132.73,132.75,37.69,116.19,117.6
2017-02-10T15:02:11.522,132.65,117.6,,37.65,132.65,132.67,37.67,116.2,117.6
2017-02-10T15:02:16.541,132.67,117.6,,37.65,132.67,132.69,37.67,116.2,117.6
2017-02-10T15:02:21.563,132.67,117.6,,37.63,132.67,132.68,37.67,116.2,117.6
2017-02-10T15:02:26.582,132.67,117.6,,37.63,132.67,132.68,37.66,116.2,117.6
2017-02-10T15:02:31.614,132.68,117.6,,37.63,132.68,132.7,37.66,116.2,117.6
2017-02-10T15:02:36.650,132.7,117.6,,37.63,132.7,132.72,37.66,116.22,117.6
2017-02-10T15:02:41.672,132.71,117.6,,37.63,132.71,132.72,37.65,116.2,117.61
2017-02-10T15:02:46.692,132.71,117.61,,37.63,132.71,132.73,37.65,116.2,117.61
2017-02-10T15:02:51.716,132.71,117.61,,37.63,132.71,132.73,37.65,116.2,117.6
2017-02-10T15:02:56.749,132.72,117.6,,37.5,132.72,132.74,37.61,116.2,117.55
2017-02-10T15:03:01.773,132.7,117.55,,37.5,132.7,132.72,37.61,116.2,117.55
2017-02-10T15:03:06.796,132.71,117.55,,37.5,132.71,132.72,37.61,116.22,117.6
2017-02-10T15:03:11.821,132.72,117.6,,37.5,132.72,132.74,37.61,116.2,117.6
2017-02-10T15:03:16.843,132.72,117.6,,37.51,132.72,132.74,37.61,116.22,117.61
2017-02-10T15:03:21.863,132.72,117.61,,37.5,132.72,132.73,37.61,116.22,117.62
2017-02-10T15:03:26.907,132.72,117.62,,37.5,132.72,132.73,37.61,116.22,117.62
2017-02-10T15:03:31.932,132.75,117.62,,37.58,132.75,132.77,37.61,116.22,117.68
2017-02-10T15:03:36.961,132.75,117.68,,37.58,132.75,132.77,37.61,116.2,117.71
2017-02-10T15:03:41.990,132.71,117.71,,37.5,132.71,132.72,37.67,116.23,117.72
2017-02-10T15:03:47.016,132.71,117.72,,37.5,132.71,132.72,37.67,116.24,117.72
2017-02-10T15:03:52.050,132.71,117.72,,37.5,132.71,132.72,37.65,116.24,117.72
2017-02-10T15:03:57.106,132.71,117.72,,37.5,132.71,132.72,37.65,116.22,117.68
2017-02-10T15:04:02.137,132.71,117.68,,37.51,132.71,132.72,37.65,116.11,117.68
2017-02-10T15:04:06.305,132.71,117.68,,37.5,132.71,132.72,37.64,115.92,117.68
2017-02-10T15:04:11.336,132.68,117.68,,37.5,132.68,132.69,37.53,116.2,117.68
2017-02-10T15:04:16.358,132.66,117.68,,37.5,132.66,132.67,37.53,116.14,117.68
2017-02-10T15:04:21.377,132.66,117.68,,37.5,132.66,132.67,37.53,116.14,117.68
2017-02-10T15:04:26.398,132.66,117.68,,37.5,132.66,132.67,37.62,116.14,117.68
2017-02-10T15:04:31.422,132.67,117.68,,37.5,132.67,132.68,37.56,116.14,117.68
2017-02-10T15:04:36.456,132.64,117.68,,37.5,132.64,132.65,37.62,116.14,117.68
2017-02-10T15:04:41.478,132.62,117.68,,37.5,132.62,132.64,37.62,116.14,117.68
2017-02-10T15:04:46.504,132.62,117.68,,37.5,132.62,132.63,37.62,116.14,117.69
2017-02-10T15:04:51.523,132.61,117.69,,37.5,132.61,132.62,37.62,115.97,117.73
2017-02-10T15:04:56.548,132.48,117.73,,37.5,132.48,132.5,37.62,115.93,117.73
2017-02-10T15:05:01.600,132.51,117.73,,37.5,132.51,132.53,37.62,115.91,117.73
2017-02-10T15:05:06.643,132.52,117.73,,37.5,132.52,132.54,37.62,116.17,117.72
2017-02-10T15:05:11.665,132.49,117.72,,37.5,132.49,132.51,37.62,116.17,117.72
2017-02-10T15:05:16.708,132.48,117.72,,37.5,132.48,132.49,37.62,116.17,117.72
2017-02-10T15:05:21.727,132.48,117.72,,37.5,132.48,132.5,37.62,116.17,117.72
2017-02-10T15:05:26.756,132.47,117.72,,37.5,132.47,132.49,37.62,116.17,117.72
2017-02-10T15:05:31.780,132.47,117.72,,37.5,132.47,132.48,37.62,116.2,117.65
2017-02-10T15:05:36.813,132.45,117.65,,37.5,132.45,132.47,37.54,116.17,117.67
2017-02-10T15:05:41.844,132.43,117.67,,37.5,132.43,132.45,37.62,116.18,117.67
2017-02-10T15:05:46.883,132.4,117.67,,37.5,132.4,132.42,37.62,116.18,117.67
2017-02-10T15:05:51.904,132.39,117.67,,37.5,132.39,132.4,37.62,116.17,117.69
2017-02-10T15:05:56.937,132.41,117.69,,37.5,132.41,132.43,37.62,116.2,117.65
2017-02-10T15:06:01.993,132.45,117.65,,37.55,132.45,132.47,37.62,116.2,117.67
2017-02-10T15:06:07.022,132.46,117.67,,37.55,132.46,132.48,37.68,116.19,117.68
2017-02-10T15:06:12.058,132.47,117.68,,37.58,132.47,132.49,37.62,116.19,117.68
2017-02-10T15:06:17.082,132.47,117.68,,37.58,132.47,132.49,37.68,116.19,117.68
2017-02-10T15:06:22.100,132.47,117.68,,37.58,132.47,132.49,37.68,116.19,117.68
2017-02-10T15:06:27.123,132.44,117.68,,37.58,132.44,132.46,37.68,116.19,117.68
2017-02-10T15:06:32.145,132.42,117.68,,37.58,132.42,132.43,37.68,116.19,117.68
2017-02-10T15:06:37.172,132.42,117.68,,37.58,132.42,132.44,37.63,116.19,117.68
2017-02-10T15:06:42.194,132.37,117.68,,37.58,132.37,132.4,37.63,116.19,117.68
2017-02-10T15:06:46.209,132.39,117.68,,37.58,132.39,132.4,37.63,116.19,117.68
2017-02-10T15:06:51.241,132.37,117.68,,37.58,132.37,132.38,37.64,116.19,117.68
2017-02-10T15:06:56.269,132.36,117.68,,37.58,132.36,132.37,37.64,116.21,117.71
2017-02-10T15:07:01.304,132.31,117.71,,37.56,132.31,132.33,37.63,116.01,117.68
2017-02-10T15:07:06.343,132.33,117.68,,37.56,132.33,132.35,37.63,116.22,117.68
2017-02-10T15:07:11.366,132.35,117.68,,37.56,132.35,132.37,37.7,116.22,117.68
2017-02-10T15:07:16.391,132.37,117.68,,37.56,132.37,132.38,37.7,116.22,117.68
2017-02-10T15:07:21.427,132.37,117.68,,37.56,132.37,132.39,37.7,116.22,117.72
2017-02-10T15:07:26.458,132.36,117.72,,37.56,132.36,132.38,37.73,116.22,117.72
2017-02-10T15:07:31.494,132.37,117.72,,37.56,132.37,132.39,37.73,116.22,117.72
2017-02-10T15:07:36.516,132.45,117.72,,37.56,132.45,132.47,37.73,116.22,117.73
2017-02-10T15:07:41.540,132.44,117.73,,37.56,132.44,132.46,37.73,116.22,117.73
2017-02-10T15:07:46.560,132.45,117.73,,37.56,132.45,132.46,37.73,116.22,117.73
2017-02-10T15:07:51.593,132.41,117.73,,37.62,132.41,132.43,37.73,116.22,117.73
2017-02-10T15:07:56.657,132.38,117.73,,37.62,132.38,132.39,37.73,116.22,117.73
2017-02-10T15:08:01.682,132.35,117.73,,37.5,132.35,132.37,37.73,116.22,117.73
2017-02-10T15:08:06.705,132.35,117.73,,37.5,132.35,132.37,37.73,116.22,117.68
2017-02-10T15:08:11.734,132.36,117.68,,37.5,132.36,132.37,37.73,116.01,117.68
2017-02-10T15:08:16.766,132.32,117.68,,37.64,132.32,132.34,37.69,116.21,117.68
2017-02-10T15:08:21.791,132.33,117.68,,37.5,132.33,132.34,37.73,116.21,117.68
2017-02-10T15:08:26.813,132.31,117.68,,37.5,132.31,132.33,37.73,115.93,117.68
2017-02-10T15:08:31.836,132.31,117.68,,37.5,132.31,132.33,37.69,116.18,117.72
2017-02-10T15:08:36.857,132.31,117.72,,37.65,132.31,132.32,37.68,116.18,117.72
2017-02-10T15:08:41.882,132.32,117.72,,37.56,132.32,132.34,37.65,116.18,117.72
2017-02-10T15:08:46.901,132.32,117.72,,37.56,132.32,132.33,37.65,115.97,117.8
2017-02-10T15:08:51.924,132.31,117.8,,37.52,132.31,132.32,37.73,116.15,117.8
2017-02-10T15:08:56.946,132.32,117.8,,37.52,132.32,132.33,37.62,116.15,117.84
2017-02-10T15:09:01.975,132.32,117.84,,37.52,132.32,132.34,37.62,116.15,117.86
2017-02-10T15:09:06.997,132.32,117.86,,37.5,132.32,132.33,37.62,116.15,117.86
2017-02-10T15:09:12.027,132.33,117.86,,37.5,132.33,132.34,37.62,115.91,117.86
2017-02-10T15:09:17.070,132.33,117.86,,37.5,132.33,132.35,37.62,116.16,117.87
2017-02-10T15:09:22.104,132.33,117.87,,37.5,132.33,132.35,37.62,116.16,117.87
2017-02-10T15:09:27.139,132.33,117.87,,37.5,132.33,132.35,37.62,116.17,117.87
2017-02-10T15:09:32.167,132.34,117.87,,37.5,132.34,132.35,37.62,116.15,117.87
2017-02-10T15:09:37.188,132.34,117.87,,37.5,132.34,132.35,37.62,116.11,117.87
2017-02-10T15:09:41.205,132.34,117.87,,37.5,132.34,132.35,37.62,116.11,117.89
2017-02-10T15:09:46.260,132.34,117.89,,37.5,132.34,132.35,37.62,116.11,117.89
2017-02-10T15:09:51.292,132.31,117.89,,37.5,132.31,132.33,37.62,115.92,117.74
2017-02-10T15:09:56.317,132.27,117.74,,37.5,132.27,132.29,37.6,116.09,117.74
2017-02-10T15:10:01.341,132.28,117.74,,37.5,132.28,132.29,37.6,115.92,117.87
2017-02-10T15:10:06.395,132.28,117.87,,37.5,132.28,132.3,37.6,116.1,117.82
2017-02-10T15:10:11.417,132.28,117.82,,37.5,132.28,132.3,37.68,116.1,117.82
2017-02-10T15:10:16.461,132.26,117.82,,37.5,132.26,132.27,37.68,116.1,117.82
2017-02-10T15:10:21.484,132.27,117.82,,37.5,132.27,132.29,37.68,115.92,117.82
2017-02-10T15:10:26.518,132.23,117.82,,37.51,132.23,132.25,37.63,116.01,117.82
2017-02-10T15:10:31.539,132.23,117.82,,37.51,132.23,132.24,37.55,115.92,117.82
2017-02-10T15:10:36.558,132.21,117.82,,37.51,132.21,132.24,37.55,116.06,117.82
2017-02-10T15:10:41.586,132.23,117.82,,37.51,132.23,132.25,37.55,116.06,117.82
2017-02-10T15:10:46.613,132.24,117.82,,37.5,132.24,132.26,37.55,116.08,117.88
2017-02-10T15:10:51.634,132.24,117.88,,37.5,132.24,132.25,37.55,116.08,117.88
2017-02-10T15:10:56.657,132.24,117.88,,37.5,132.24,132.25,37.55,115.95,117.88
2017-02-10T15:11:01.686,132.24,117.88,,37.5,132.24,132.26,37.63,116.12,117.88
2017-02-10T15:11:06.708,132.24,117.88,,37.5,132.24,132.25,37.69,116.12,117.88
2017-02-10T15:11:11.732,132.24,117.88,,37.5,132.24,132.26,37.69,116.12,117.88
2017-02-10T15:11:16.755,132.22,117.88,,37.5,132.22,132.23,37.69,116.12,117.88
2017-02-10T15:11:21.780,132.22,117.88,,37.5,132.22,132.24,37.67,116.12,117.88
2017-02-10T15:11:26.804,132.22,117.88,,37.5,132.22,132.23,37.67,116.12,117.88
2017-02-10T15:11:31.837,132.23,117.88,,37.5,132.23,132.25,37.67,116.17,117.88
2017-02-10T15:11:36.858,132.23,117.88,,37.5,132.23,132.24,37.67,116.18,117.88
2017-02-10T15:11:41.878,132.23,117.88,,37.5,132.23,132.24,37.67,116.18,117.88
2017-02-10T15:11:46.900,132.22,117.88,,37.58,132.22,132.23,37.67,116.14,117.88
2017-02-10T15:11:51.921,132.22,117.88,,37.5,132.22,132.23,37.73,116.19,117.85
2017-02-10T15:11:56.943,132.22,117.85,,37.65,132.22,132.23,37.73,116.14,117.85
2017-02-10T15:12:01.964,132.21,117.85,,37.65,132.21,132.23,37.73,116.14,117.85
2017-02-10T15:12:06.990,132.23,117.85,,37.5,132.23,132.25,37.73,116.14,117.85
2017-02-10T15:12:12.009,132.22,117.85,,37.5,132.22,132.24,37.73,116.14,117.85
2017-02-10T15:12:17.031,132.22,117.85,,37.5,132.22,132.24,37.73,116.14,117.85
2017-02-10T15:12:22.052,132.22,117.85,,37.5,132.22,132.24,37.73,116.15,117.82
2017-02-10T15:12:27.074,132.23,117.82,,37.5,132.23,132.24,37.73,116.14,117.85
2017-02-10T15:12:32.094,132.23,117.85,,37.52,132.23,132.24,37.73,116.14,117.85
2017-02-10T15:12:37.115,132.24,117.85,,37.5,132.24,132.25,37.73,116.1,117.85
2017-02-10T15:12:42.135,132.28,117.85,,37.64,132.28,132.3,37.73,116.1,117.85
2017-02-10T15:12:47.156,132.29,117.85,,37.64,132.29,132.31,37.73,116.1,117.88
2017-02-10T15:12:52.188,132.32,117.88,,37.64,132.32,132.34,37.73,116.11,117.88
2017-02-10T15:12:56.205,132.32,117.88,,37.64,132.32,132.33,37.73,116.11,117.88
2017-02-10T15:13:02.232,132.31,117.88,,37.64,132.31,132.33,37.73,116.11,117.88
2017-02-10T15:13:06.255,132.31,117.88,,37.64,132.31,132.33,37.73,116.12,117.89
2017-02-10T15:13:11.279,132.36,117.89,,37.64,132.36,132.37,37.73,116.11,117.87
2017-02-10T15:13:16.305,132.35,117.87,,37.64,132.35,132.37,37.73,116.11,117.86
2017-02-10T15:13:21.341,132.35,117.86,,37.64,132.35,132.37,37.73,116.11,117.85
2017-02-10T15:13:26.386,132.34,117.85,,37.64,132.34,132.36,37.73,116.1,117.85
2017-02-10T15:13:31.409,132.36,117.85,,37.51,132.36,132.38,37.73,116.11,117.85
2017-02-10T15:13:36.431,132.36,117.85,,37.65,132.36,132.37,37.73,116.11,117.85
2017-02-10T15:13:41.452,132.38,117.85,,37.66,132.38,132.39,37.73,116.11,117.81
2017-02-10T15:13:46.477,132.37,117.81,,37.66,132.37,132.38,37.73,116.11,117.81
2017-02-10T15:13:51.498,132.38,117.81,,37.66,132.38,132.39,37.73,116.11,117.83
2017-02-10T15:13:56.520,132.37,117.83,,37.74,132.37,132.4,37.77,116.11,117.83
2017-02-10T15:14:01.540,132.38,117.83,,37.74,132.38,132.4,37.77,116.11,117.83
2017-02-10T15:14:06.577,132.37,117.83,,37.6,132.37,132.38,37.77,116.11,117.72
2017-02-10T15:14:11.603,132.41,117.72,,37.58,132.41,132.43,37.77,116.11,117.8
2017-02-10T15:14:16.624,132.41,117.8,,37.58,132.41,132.43,37.83,116.11,117.8
2017-02-10T15:14:21.650,132.41,117.8,,37.58,132.41,132.42,37.83,116.12,117.8
2017-02-10T15:14:26.672,132.43,117.8,,37.52,132.43,132.45,37.83,116.12,117.8
2017-02-10T15:14:31.702,132.45,117.8,,37.52,132.45,132.47,37.83,116.12,117.8
2017-02-10T15:14:36.724,132.48,117.8,,37.52,132.48,132.5,37.83,116.12,117.8
2017-02-10T15:14:41.744,132.46,117.8,,37.52,132.46,132.48,37.83,116.12,117.8
2017-02-10T15:14:46.766,132.44,117.8,,37.52,132.44,132.46,37.83,116.11,117.8
2017-02-10T15:14:51.802,132.44,117.8,,37.53,132.44,132.45,37.83,116.12,117.8
2017-02-10T15:14:56.832,132.43,117.8,,37.53,132.43,132.45,37.78,115.95,117.8
2017-02-10T15:15:01.859,132.44,117.8,,37.53,132.44,132.45,37.78,115.95,117.8
2017-02-10T15:15:06.912,132.44,117.8,,37.52,132.44,132.46,37.78,115.95,117.8
2017-02-10T15:15:11.934,132.44,117.8,,37.52,132.44,132.46,37.68,115.96,117.8
2017-02-10T15:15:16.960,132.44,117.8,,37.52,132.44,132.46,37.68,116.15,117.81
2017-02-10T15:15:21.982,132.44,117.81,,37.58,132.44,132.46,37.78,115.92,117.81
2017-02-10T15:15:27.026,132.45,117.81,,37.65,132.45,132.46,37.83,115.92,117.81
2017-02-10T15:15:32.065,132.46,117.81,,37.65,132.46,132.48,37.73,116.12,117.81
2017-02-10T15:15:37.085,132.46,117.81,,37.65,132.46,132.47,37.83,115.91,117.76
2017-02-10T15:15:42.112,132.46,117.76,,37.65,132.46,132.47,37.83,115.91,117.81
2017-02-10T15:15:47.153,132.45,117.81,,37.58,132.45,132.47,37.83,115.94,117.81
2017-02-10T15:15:52.175,132.45,117.81,,37.66,132.45,132.47,37.83,115.91,117.81
2017-02-10T15:15:57.201,132.45,117.81,,37.66,132.45,132.47,37.83,115.91,117.81
2017-02-10T15:16:02.229,132.44,117.81,,37.66,132.44,132.45,37.83,115.91,117.81
2017-02-10T15:16:06.248,132.44,117.81,,37.66,132.44,132.46,37.83,115.91,117.82
2017-02-10T15:16:11.269,132.44,117.82,,37.66,132.44,132.45,37.83,115.91,117.82
2017-02-10T15:16:16.304,132.44,117.82,,37.66,132.44,132.45,37.83,115.87,117.82
2017-02-10T15:16:21.328,132.45,117.82,,37.66,132.45,132.46,37.83,115.9,117.82
2017-02-10T15:16:26.350,132.46,117.82,,37.66,132.46,132.47,37.75,116.07,117.82
2017-02-10T15:16:31.377,132.46,117.82,,37.66,132.46,132.47,37.75,116.07,117.81
2017-02-10T15:16:36.398,132.46,117.81,,37.66,132.46,132.47,37.75,116.07,117.81
2017-02-10T15:16:41.424,132.46,117.81,,37.66,132.46,132.48,37.75,116.07,117.81
2017-02-10T15:16:46.455,132.46,117.81,,37.66,132.46,132.48,37.75,116.07,117.81
2017-02-10T15:16:51.477,132.46,117.81,,37.66,132.46,132.47,37.75,116.07,117.81
2017-02-10T15:16:56.514,132.45,117.81,,37.66,132.45,132.47,37.75,115.9,117.78
2017-02-10T15:17:01.542,132.45,117.78,,37.66,132.45,132.46,37.79,115.9,117.78
2017-02-10T15:17:06.563,132.45,117.78,,37.66,132.45,132.47,37.79,115.9,117.8
2017-02-10T15:17:11.610,132.45,117.8,,37.7,132.45,132.46,37.82,115.9,117.8
2017-02-10T15:17:16.654,132.41,117.8,,37.57,132.41,132.43,37.82,115.9,117.82
2017-02-10T15:17:21.680,132.4,117.82,,37.68,132.4,132.41,37.82,115.9,117.82
2017-02-10T15:17:26.701,132.38,117.82,,37.68,132.38,132.39,37.82,115.9,117.82
2017-02-10T15:17:31.723,132.38,117.82,,37.68,132.38,132.39,37.82,115.9,117.85
2017-02-10T15:17:36.742,132.38,117.85,,37.68,132.38,132.39,37.82,115.9,117.8
2017-02-10T15:17:41.763,132.36,117.8,,37.68,132.36,132.38,37.83,115.9,117.8
2017-02-10T15:17:46.791,132.37,117.8,,37.68,132.37,132.39,37.83,115.9,117.84
2017-02-10T15:17:51.828,132.36,117.84,,37.68,132.36,132.37,37.83,115.9,117.85
2017-02-10T15:17:56.852,132.35,117.85,,37.68,132.35,132.37,37.83,115.9,117.87
2017-02-10T15:18:01.882,132.34,117.87,,37.57,132.34,132.35,37.83,115.98,117.9
2017-02-10T15:18:06.904,132.34,117.9,,37.57,132.34,132.35,37.83,116.03,117.9
2017-02-10T15:18:11.939,132.33,117.9,,37.61,132.33,132.35,37.79,115.98,117.87
2017-02-10T15:18:16.967,132.33,117.87,,37.62,132.33,132.35,37.71,115.98,117.87
2017-02-10T15:18:21.988,132.34,117.87,,37.62,132.34,132.35,37.71,115.99,117.89
2017-02-10T15:18:27.011,132.35,117.89,,37.62,132.35,132.36,37.71,115.99,117.89
2017-02-10T15:18:32.037,132.34,117.89,,37.62,132.34,132.36,37.71,115.99,117.89
2017-02-10T15:18:37.057,132.34,117.89,,37.62,132.34,132.35,37.71,115.99,117.89
2017-02-10T15:18:42.077,132.34,117.89,,37.62,132.34,132.35,37.71,115.99,117.9
2017-02-10T15:18:47.102,132.33,117.9,,37.62,132.33,132.34,37.71,115.99,117.9
2017-02-10T15:18:52.136,132.3,117.9,,37.62,132.3,132.32,37.71,115.81,117.92
2017-02-10T15:18:57.158,132.29,117.92,,37.62,132.29,132.3,37.8,115.81,117.93
2017-02-10T15:19:02.181,132.3,117.93,,37.62,132.3,132.31,37.76,115.81,117.93
2017-02-10T15:19:06.207,132.3,117.93,,37.65,132.3,132.31,37.76,115.94,117.93
2017-02-10T15:19:11.346,132.3,117.93,,37.64,132.3,132.31,37.79,115.94,117.93
2017-02-10T15:19:16.368,132.3,117.93,,37.5,132.3,132.31,37.75,115.94,117.93
2017-02-10T15:19:21.398,132.3,117.93,,37.5,132.3,132.31,37.8,115.94,117.93
2017-02-10T15:19:26.425,132.3,117.93,,37.5,132.3,132.32,37.82,115.94,117.93
2017-02-10T15:19:31.452,132.31,117.93,,37.5,132.31,132.32,37.82,115.94,117.95
2017-02-10T15:19:36.477,132.28,117.95,,37.5,132.28,132.29,37.82,115.94,117.97
2017-02-10T15:19:41.506,132.28,117.97,,37.5,132.28,132.29,37.82,115.94,117.99
2017-02-10T15:19:46.528,132.29,117.99,,37.5,132.29,132.3,37.82,115.94,117.94
2017-02-10T15:19:51.556,132.29,117.94,,37.5,132.29,132.3,37.82,115.94,117.96
2017-02-10T15:19:56.577,132.29,117.96,,37.5,132.29,132.3,37.82,115.94,117.94
2017-02-10T15:20:01.609,132.29,117.94,,37.5,132.29,132.3,37.82,115.94,117.94
2017-02-10T15:20:06.645,132.29,117.94,,37.67,132.29,132.3,37.83,115.93,117.95
2017-02-10T15:20:11.705,132.3,117.95,,37.67,132.3,132.32,37.69,115.95,117.95
2017-02-10T15:20:16.759,132.3,117.95,,37.57,132.3,132.32,37.83,115.95,117.95
2017-02-10T15:20:21.788,132.3,117.95,,37.57,132.3,132.31,37.83,115.95,117.95
2017-02-10T15:20:26.824,132.3,117.95,,37.57,132.3,132.32,37.83,115.95,117.95
2017-02-10T15:20:31.850,132.3,117.95,,37.64,132.3,132.31,37.83,115.93,117.91
2017-02-10T15:20:36.882,132.28,117.91,,37.64,132.28,132.29,37.81,115.93,117.91
2017-02-10T15:20:41.919,132.28,117.91,,37.64,132.28,132.29,37.79,115.93,117.97
2017-02-10T15:20:46.940,132.28,117.97,,37.64,132.28,132.29,37.79,115.93,117.94
2017-02-10T15:20:51.961,132.29,117.94,,37.63,132.29,132.31,37.67,115.93,117.94
2017-02-10T15:20:57.004,132.29,117.94,,37.63,132.29,132.31,37.67,115.93,117.94
2017-02-10T15:21:02.023,132.29,117.94,,37.63,132.29,132.31,37.67,115.93,117.94
2017-02-10T15:21:07.044,132.29,117.94,,37.63,132.29,132.3,37.67,115.98,117.94
2017-02-10T15:21:12.066,132.29,117.94,,37.52,132.29,132.31,37.79,115.98,117.94
2017-02-10T15:21:17.089,132.28,117.94,,37.52,132.28,132.3,37.76,115.98,117.91
2017-02-10T15:21:22.112,132.29,117.91,,37.52,132.29,132.3,37.76,115.92,117.94
2017-02-10T15:21:27.151,132.29,117.94,,37.52,132.29,132.3,37.76,115.75,117.94
2017-02-10T15:21:32.184,132.29,117.94,,37.52,132.29,132.3,37.76,115.75,117.94
2017-02-10T15:21:37.204,132.31,117.94,,37.52,132.31,132.32,37.76,115.75,117.96
2017-02-10T15:21:41.228,132.3,117.96,,37.52,132.3,132.31,37.76,115.9,117.96
2017-02-10T15:21:46.249,132.3,117.96,,37.61,132.3,132.31,37.76,115.94,117.96
2017-02-10T15:21:51.269,132.3,117.96,,37.61,132.3,132.31,37.76,115.94,117.96
2017-02-10T15:21:56.286,132.3,117.96,,37.61,132.3,132.31,37.76,115.94,117.96
2017-02-10T15:22:02.311,132.3,117.96,,37.61,132.3,132.32,37.76,115.9,117.97
2017-02-10T15:22:06.330,132.31,117.97,,37.61,132.31,132.32,37.76,115.9,117.98
2017-02-10T15:22:11.351,132.29,117.98,,37.61,132.29,132.3,37.76,115.9,117.98
2017-02-10T15:22:16.372,132.31,117.98,,37.61,132.31,132.32,37.76,115.9,117.98
2017-02-10T15:22:21.393,132.31,117.98,,37.61,132.31,132.32,37.76,115.9,117.98
2017-02-10T15:22:26.412,132.31,117.98,,37.61,132.31,132.32,37.76,115.9,117.94
2017-02-10T15:22:31.450,132.3,117.94,,37.61,132.3,132.32,37.72,115.9,117.94
2017-02-10T15:22:36.473,132.31,117.94,,37.63,132.31,132.33,37.72,115.91,117.97
2017-02-10T15:22:41.498,132.33,117.97,,37.65,132.33,132.35,37.7,115.94,117.97
2017-02-10T15:22:46.527,132.33,117.97,,37.63,132.33,132.35,37.71,115.94,117.97
2017-02-10T15:22:51.559,132.32,117.97,,37.57,132.32,132.34,37.71,115.94,117.94
2017-02-10T15:22:56.589,132.33,117.94,,37.57,132.33,132.34,37.71,116.01,117.94
2017-02-10T15:23:01.617,132.32,117.94,,37.68,132.32,132.33,37.71,116.01,117.98
2017-02-10T15:23:06.663,132.32,117.98,,37.57,132.32,132.33,37.71,115.94,117.98
2017-02-10T15:23:11.687,132.3,117.98,,37.68,132.3,132.31,37.71,116.01,117.98
2017-02-10T15:23:16.717,132.3,117.98,,37.57,132.3,132.31,37.71,116.01,117.99
2017-02-10T15:23:21.738,132.31,117.99,,37.57,132.31,132.32,37.71,116.03,117.99
2017-02-10T15:23:26.758,132.31,117.99,,37.57,132.31,132.32,37.71,116.03,117.99
2017-02-10T15:23:31.776,132.31,117.99,,37.57,132.31,132.32,37.71,116.03,118.03
2017-02-10T15:23:36.795,132.31,118.03,,37.57,132.31,132.32,37.71,116.03,118.03
2017-02-10T15:23:41.824,132.31,118.03,,37.57,132.31,132.32,37.71,116.07,118.07
2017-02-10T15:23:46.857,132.31,118.07,,37.68,132.31,132.32,37.71,116.07,118.07
2017-02-10T15:23:51.885,132.28,118.07,,37.69,132.28,132.29,37.73,116.09,118.08
2017-02-10T15:23:56.906,132.28,118.08,,37.7,132.28,132.29,37.83,116.09,118.08
2017-02-10T15:24:01.939,132.28,118.08,,37.71,132.28,132.29,37.83,116.11,118.06
2017-02-10T15:24:06.961,132.27,118.06,,37.71,132.27,132.28,37.83,116.14,118.06
2017-02-10T15:24:11.982,132.26,118.06,,37.71,132.26,132.27,37.83,116.03,118.06
2017-02-10T15:24:17.007,132.26,118.06,,37.58,132.26,132.27,37.82,116.05,118.13
2017-02-10T15:24:22.028,132.26,118.13,,37.67,132.26,132.27,37.83,116.05,118.13
2017-02-10T15:24:27.048,132.26,118.13,,37.67,132.26,132.27,37.83,116.06,118.13
2017-02-10T15:24:32.072,132.26,118.13,,37.67,132.26,132.28,37.83,116.06,118.13
2017-02-10T15:24:37.099,132.25,118.13,,37.67,132.25,132.26,37.83,116.06,118.1
2017-02-10T15:24:42.121,132.26,118.1,,37.52,132.26,132.27,37.83,116.06,118.1
2017-02-10T15:24:47.142,132.26,118.1,,37.58,132.26,132.27,37.83,116.06,118.1
2017-02-10T15:24:52.187,132.26,118.1,,37.58,132.26,132.27,37.83,116.06,118.15
2017-02-10T15:24:57.208,132.26,118.15,,37.52,132.26,132.27,37.67,116.06,118.19
2017-02-10T15:25:02.227,132.26,118.19,,37.57,132.26,132.27,37.75,116.06,118.23
2017-02-10T15:25:06.275,132.26,118.23,,37.5,132.26,132.28,37.83,116.12,118.25
2017-02-10T15:25:11.321,132.24,118.25,,37.51,132.24,132.25,37.7,116.08,118.25
2017-02-10T15:25:16.349,132.24,118.25,,37.51,132.24,132.25,37.7,116.1,118.28
2017-02-10T15:25:21.377,132.24,118.28,,37.51,132.24,132.25,37.7,116.1,118.23
2017-02-10T15:25:26.399,132.26,118.23,,37.59,132.26,132.28,37.65,116.1,118.26
2017-02-10T15:25:31.428,132.26,118.26,,37.6,132.26,132.27,37.65,116.11,118.31
2017-02-10T15:25:36.455,132.28,118.31,,37.6,132.28,132.3,37.65,116.11,118.31
2017-02-10T15:25:41.476,132.3,118.31,,37.6,132.3,132.32,37.64,116.11,118.31
2017-02-10T15:25:46.498,132.3,118.31,,37.6,132.3,132.31,37.64,116.11,118.34
2017-02-10T15:25:51.544,132.3,118.34,,37.6,132.3,132.31,37.64,116.11,118.34
2017-02-10T15:25:56.586,132.3,118.34,,37.6,132.3,132.31,37.64,116.11,118.38
2017-02-10T15:26:01.619,132.29,118.38,,37.6,132.29,132.3,37.64,116.12,118.38
2017-02-10T15:26:06.655,132.28,118.38,,37.6,132.28,132.29,37.64,116.14,118.38
2017-02-10T15:26:11.681,132.29,118.38,,37.6,132.29,132.31,37.64,116.12,118.39
2017-02-10T15:26:16.702,132.29,118.39,,37.6,132.29,132.3,37.64,116.12,118.39
2017-02-10T15:26:21.723,132.27,118.39,,37.6,132.27,132.29,37.8,116.14,118.39
2017-02-10T15:26:26.744,132.28,118.39,,37.61,132.28,132.29,37.8,116.15,118.4
2017-02-10T15:26:31.767,132.28,118.4,,37.61,132.28,132.29,37.8,116.15,118.41
2017-02-10T15:26:36.789,132.28,118.41,,37.61,132.28,132.29,37.8,116.15,118.41
2017-02-10T15:26:41.810,132.28,118.41,,37.61,132.28,132.29,37.8,116.15,118.41
2017-02-10T15:26:46.830,132.28,118.41,,37.61,132.28,132.29,37.8,116.15,118.27
2017-02-10T15:26:51.855,132.29,118.27,,37.63,132.29,132.3,37.8,116.17,118.27
2017-02-10T15:26:56.903,132.29,118.27,,37.63,132.29,132.3,37.8,116.18,118.44
2017-02-10T15:27:01.939,132.31,118.44,,37.63,132.31,132.32,37.8,116.17,118.44
2017-02-10T15:27:06.959,132.33,118.44,,37.63,132.33,132.34,37.8,116.19,118.44
2017-02-10T15:27:11.978,132.33,118.44,,37.64,132.33,132.34,37.83,116.19,118.44
2017-02-10T15:27:17.022,132.33,118.44,,37.6,132.33,132.34,37.83,116.19,118.44
2017-02-10T15:27:22.049,132.31,118.44,,37.6,132.31,132.33,37.83,116.19,118.44
2017-02-10T15:27:27.068,132.31,118.44,,37.6,132.31,132.32,37.81,116.19,118.44
2017-02-10T15:27:32.089,132.31,118.44,,37.6,132.31,132.33,37.81,116.19,118.44
2017-02-10T15:27:37.124,132.32,118.44,,37.65,132.32,132.34,37.71,116.2,118.44
2017-02-10T15:27:42.149,132.33,118.44,,37.6,132.33,132.34,37.71,116.18,118.44
2017-02-10T15:27:47.173,132.33,118.44,,37.65,132.33,132.34,37.67,116.03,118.44
2017-02-10T15:27:52.194,132.33,118.44,,37.6,132.33,132.34,37.67,116.03,118.47
2017-02-10T15:27:57.214,132.31,118.47,,37.6,132.31,132.33,37.67,116.16,118.47
2017-02-10T15:28:02.235,132.31,118.47,,37.6,132.31,132.32,37.67,116.16,118.47
2017-02-10T15:28:06.252,132.31,118.47,,37.6,132.31,132.32,37.67,116.16,118.44
2017-02-10T15:28:11.276,132.29,118.44,,37.6,132.29,132.3,37.67,116.16,118.44
2017-02-10T15:28:16.297,132.28,118.44,,37.6,132.28,132.29,37.67,116.16,118.44
2017-02-10T15:28:21.316,132.28,118.44,,37.6,132.28,132.29,37.67,116.16,118.43
2017-02-10T15:28:26.337,132.28,118.43,,37.6,132.28,132.3,37.67,116.16,118.43
2017-02-10T15:28:31.359,132.28,118.43,,37.6,132.28,132.3,37.67,116.18,118.43
2017-02-10T15:28:36.380,132.28,118.43,,37.6,132.28,132.29,37.67,116.18,118.43
2017-02-10T15:28:41.402,132.3,118.43,,37.64,132.3,132.31,37.67,116.03,118.48
2017-02-10T15:28:46.428,132.29,118.48,,37.64,132.29,132.3,37.71,116.03,118.48
2017-02-10T15:28:51.457,132.27,118.48,,37.64,132.27,132.28,37.71,116.11,118.48
2017-02-10T15:28:56.480,132.28,118.48,,37.64,132.28,132.3,37.71,116.11,118.48
2017-02-10T15:29:01.507,132.29,118.48,,37.59,132.29,132.3,37.71,116.11,118.48
2017-02-10T15:29:06.534,132.26,118.48,,37.6,132.26,132.28,37.71,116.11,118.43
2017-02-10T15:29:11.570,132.27,118.43,,37.6,132.27,132.28,37.71,116.11,118.48
2017-02-10T15:29:16.592,132.28,118.48,,37.6,132.28,132.3,37.71,116.11,118.43
2017-02-10T15:29:21.635,132.28,118.43,,37.6,132.28,132.29,37.71,116.03,118.43
2017-02-10T15:29:26.662,132.28,118.43,,37.64,132.28,132.29,37.71,116.13,118.43
2017-02-10T15:29:31.682,132.28,118.43,,37.64,132.28,132.29,37.71,116.13,118.43
2017-02-10T15:29:36.703,132.28,118.43,,37.64,132.28,132.29,37.71,116.03,118.49
2017-02-10T15:29:41.724,132.28,118.49,,37.64,132.28,132.29,37.71,116.03,118.52
2017-02-10T15:29:46.748,132.26,118.52,,37.64,132.26,132.27,37.71,116.03,118.52
2017-02-10T15:29:51.768,132.26,118.52,,37.64,132.26,132.27,37.71,116.03,118.43
2017-02-10T15:29:56.795,132.27,118.43,,37.64,132.27,132.28,37.71,116.07,118.43
2017-02-10T15:30:01.818,132.27,118.43,,37.64,132.27,132.28,37.71,116.03,118.43
2017-02-10T15:30:06.852,132.26,118.43,,37.5,132.26,132.27,37.64,116.11,118.43
2017-02-10T15:30:11.881,132.24,118.43,,37.58,132.24,132.25,37.7,116.03,118.43
2017-02-10T15:30:16.913,132.24,118.43,,37.58,132.24,132.25,37.71,116.14,118.53
2017-02-10T15:30:21.936,132.24,118.53,,37.58,132.24,132.25,37.71,116.14,118.53
2017-02-10T15:30:26.962,132.25,118.53,,37.59,132.25,132.26,37.71,116.14,118.59
2017-02-10T15:30:31.981,132.24,118.59,,37.59,132.24,132.26,37.71,116.14,118.59
2017-02-10T15:30:37.006,132.25,118.59,,37.59,132.25,132.26,37.71,116.14,118.59
2017-02-10T15:30:42.031,132.25,118.59,,37.56,132.25,132.26,37.71,116.14,118.59
2017-02-10T15:30:47.051,132.23,118.59,,37.56,132.23,132.24,37.71,116.14,118.59
2017-02-10T15:30:52.088,132.22,118.59,,37.56,132.22,132.24,37.71,116.16,